sentence	BitsPerSample	durationMsec	speaker_gender	mother_tongue	audio
bakamutola kulubeta chilindilia mwami wakamwitila lusele iwang ombe kazyiya bukwisaula micila 	16	12251	Female	toi	221228-124509_toi_b9a_elicit_35.wav
bakati musa atusindikile basimbi aba 	16	3743	Female	toi	221204-133851_toi_ee8_elicit_24.wav
musimbi ulakutola kwanza kwakwe ansi a kalyumbo ka kumusobano 	16	5308	Female	toi	221210-161339_toi_b9a_elicit_13.wav
alimwi muli basinkuta banji molwanwa lufutuko busongo tabweenzeki kumufubafuba 	16	10073	Female	toi	221214-090248_toi_b9a_elicit_40.wav
bana bobilo balakusobana mulumbwa mponya omwe ulijisi kasobanwo ka ninga 	16	7486	Female	toi	221207-181110_toi_b9a_elicit_8.wav
ntootu tusimpi atumwi twa solomoni ntubakalembulula bantu bahezekiya mwami wa juda 	16	7668	Female	toi	221214-091851_toi_b9a_elicit_18.wav
sulwe wakati mebo mwana ndime nyo onse 	16	3652	Female	toi	220906-213431_toi_707_elicit_0.wav
amakumi aali musanu alimwi aibili elyo wakafwa 	16	5127	Female	toi	221228-200327_toi_b9a_elicit_13.wav
alimwi kwakaba cifumo buzuba bwamusanu abumwi 	16	6148	Female	toi	221228-192906_toi_b9a_elicit_28.wav
bamakaintu bobile balilede a mabwe munsi a lwizi 	16	4038	Female	toi	221207-211353_toi_b9a_elicit_25.wav
amwanike wanu amumutole munyamuke mubweede kumuntu oyo 	16	7827	Female	toi	221230-204223_toi_b9a_elicit_22.wav
mwaalumi usamide mpato achibaki cituba ukkede acuuno cacipulanga kumwi kabandika afooni 	16	8689	Female	toi	221230-122753_toi_b9a_elicit_38.wav
mukaintu ulakugwasya mwana mushonto usamide chikwesa cingengema kuzwa mu menda 	16	7010	Female	toi	221210-173239_toi_b9a_elicit_22.wav
mwaalumi amubwa babikkile maanu kumuncini ubafwotola kabali mumugwagwa 	16	9982	Female	toi	221205-133657_toi_b9a_elicit_13.wav
nindamwaambila wakavwila caalama ajwi litete alimwi ndimuzyibizyizye limwi kufwumbwa nomwaamba nzyomutiambe anguwe 	16	12342	Female	toi	221228-100948_toi_b9a_elicit_23.wav
tayelede kubalida mali nkaambo oko nkubba bulanga 	16	4787	Female	toi	221228-144729_toi_b9a_elicit_21.wav
aboobo mulandu taku mbousanduka ncozyi biyo webo nkuti ya kubbadela mulandu wakutizya 	16	8870	Female	toi	221228-182130_toi_b9a_elicit_46.wav
baamba muntu ngobaamba nsemuzyi kamukkala njite mukwasyi bazyi kumwaanzye 	16	10640	Female	toi	221228-094635_toi_b9a_elicit_13.wav
muvwimi uluulwa ulicizyi kubenda kapati wakalumbaizya haadunka kumwi kacenka kaaze 	16	8870	Female	toi	221228-145629_toi_b9a_elicit_2.wav
musokwe kaini wakanyampukila abelo munyina wamujaya elyo jehova wakabuzya kaini 	16	8417	Female	toi	221228-194723_toi_b9a_elicit_32.wav
sikubamba lubulo ulabeleka kumwi kasamide zyisani zyakulikwalizya 	16	8394	Female	toi	221205-142705_toi_b9a_elicit_15.wav
ndalikuluba aaniini musyoonto wangu wakatumbuka mwana musankwa 	16	6329	Female	toi	221228-144729_toi_b9a_elicit_28.wav
aboobo wali kunootuletela mulandu mpawo abimeleki wakalailila bantu boonse kuti 	16	8008	Female	toi	221230-114451_toi_b9a_elicit_18.wav
syoma jehova amoyo wako woonse utalifunkizyi kumaanu aako omwini 	16	7600	Female	toi	221213-114114_toi_b9a_elicit_20.wav
mubwa usiya amubwa utuba ulaamabala mabala asiya siya balalangana mumugwagwa 	16	7441	Female	toi	221230-144601_toi_b9a_elicit_45.wav
sena twamvwana tandizumini akanjini wakavwiila haatimba 	16	5830	Female	toi	221228-182130_toi_b9a_elicit_49.wav
tomaasi wakapandulwida magozwe kuti kulibusena bumwi ooko kwalo bana nkobaiya 	16	8598	Female	toi	221228-192202_toi_b9a_elicit_23.wav
buzwalani a abramu nkabela abramu naakamvwa kuti mwanaakwabo watolwa 	16	10504	Female	toi	220927-204620_toi_97d_elicit_22.wav
mukaintu uusamide delesi iilanfwu yanyanzabili azitambala amutwe wakwe ujisi kabbokkesi ka tombwe akabbokkesi ka tombwe uitwa kuti winston acibumbwa camabwe 	16	12841	Female	toi	221212-124432_toi_b9a_elicit_25.wav
sikusobana cisobano cabbola mwana ula selemuka kakuli kumbi yalusuko yanyamuka mujulu alimwi basikuzundana bamwi baleendenda cakumuzinguluka 	16	13680	Female	toi	221213-085747_toi_b9a_elicit_21.wav
lino casika ciindi cakutebula muleelede kupa farao cipanzi casanu azipanzi zyone ziyooba zyanu zibe zyakubyazya azilyo zyakusanizya basing anda banu atwana twanu 	16	13385	Female	toi	221230-151632_toi_b9a_elicit_24.wav
mpoonya awo jakobo naakabona rakele mwana musimbi wa labani mukulana wabanyina ambelele zya labani mukulana wabanyina 	16	10640	Female	toi	221229-142606_toi_b9a_elicit_14.wav
efraimu a manase mbibangu mbubonya mbuli rubeni asimeoni 	16	4605	Female	toi	221230-151048_toi_b9a_elicit_16.wav
bantu banji bakali kulinga kuli nguwe mukupa amabisi 	16	6125	Female	toi	220912-161719_toi_707_elicit_9.wav
balombe bana banwa tii akubala mabbuku anze ama n ganda mubuzuba nolibala zuba 	16	7373	Female	toi	221212-123117_toi_b9a_elicit_0.wav
pele basikweena balacegwa muzisusi zyabo muntu sizibi na wafwa bulangizi bwakwe bulamana 	16	10753	Female	toi	221213-134611_toi_b9a_elicit_21.wav
musankwa ujisi bulungu bwa ngolida sikipa iisiya alimwi akalukwe kafwaafwi kangolida uleenda katandabikide maaza aakwe kubbunga yabantu 	16	11207	Female	toi	221213-104742_toi_b9a_elicit_12.wav
nobakali kusya bakaleta leta musalo wakuzyondola banalumi 	16	5649	Female	toi	221203-172224_toi_ee8_elicit_10.wav
mwaalumi uusamide cisani cacikambwe uccovwa ncinga mumugwagwa mulaanfwu uutakwe bantu uula bwizu kulubazu lumwi 	16	10799	Female	toi	221213-091726_toi_b9a_elicit_10.wav
mukanitu usamide cisani ca cikambwe a musinsi wa mizela ulakukukula mukazila akutila manzi kubelesya kalembo ka mungungawaji 	16	12251	Female	toi	221210-144827_toi_b9a_elicit_30.wav
mubwa ulaboya bunji ulakusola kutobelela simalela wakwe kakuli chisitilizyo 	16	8439	Female	toi	221210-144236_toi_b9a_elicit_22.wav
wati ndakonkezya muzina lyangu ndemwini mbwaamba jehova 	16	7759	Female	toi	221228-201041_toi_b9a_elicit_21.wav
babwa bobilo omwe uusiya umwi uusiya siya a cidooli camubala wa mungunga waji mubwa uusiya ujisi muloomo ujaludwe amana a mubwa uusiya ujisi cidooli 	16	13589	Female	toi	221212-091650_toi_b9a_elicit_25.wav
tuli makumi otatwe ucite impulunguzyo mubwaato zibe kakokola komwe kuzwa 	16	11275	Female	toi	220904-182522_toi_0ae_elicit_27.wav
cizekaudwe zekaudwe kalangide kuli mbabo 	16	6942	Female	toi	221228-132916_toi_b9a_elicit_7.wav
bana basankwa bobilo basamide zyisani zyakuyaambya balalangana mumeenda 	16	5513	Female	toi	221205-203343_toi_b9a_elicit_0.wav
kuti utije lufwu ulayile kutijila nkoluzyila eezyi zyoonse izicitika 	16	7736	Female	toi	221228-150641_toi_b9a_elicit_18.wav
lino josefa kakede mu egepita walo aluzubo lwawisi nkabela josefa wakapona myaka iili mwa nda akumi 	16	8643	Female	toi	221230-144601_toi_b9a_elicit_29.wav
nkaambo mupati wakwe wakafwa lino wasyaala alike na wasikilwa bubi mulweendo ndomutola muyooselusya imvwi zyangu cabuusu mukabanda 	16	12659	Female	toi	221230-204223_toi_b9a_elicit_6.wav
makani aaya nkaambo wakazyi mbuli moyo wamusankwa wakali kuyanda kukwata mwanaakwe mbuwakabede 	16	7986	Female	toi	221228-100948_toi_b9a_elicit_1.wav
muchembele umwi ulaku jika cakulya elyo mudala omwe ulinvwi munsi lyakwe 	16	6738	Female	toi	221207-210037_toi_b9a_elicit_24.wav
mwana musibi uusamide campeyo camubala wa nkwihyi kwihyi uleenda mucikweeya cameenda mafwafwi 	16	6420	Female	toi	221212-125046_toi_b9a_elicit_20.wav
toonse tube acikwama comwe buyo mwanaangu uteendi abo munzila kasya maulu aako kunzila zyabo 	16	8802	Female	toi	221213-113324_toi_b9a_elicit_12.wav
jehova wakamupa coolwe aboobo muntu wakaba mupati wakali kuya bukomena lyoonse 	16	8122	Female	toi	221230-114451_toi_b9a_elicit_21.wav
basimbi bobilo balikkede mumabazu aayindene atebule yazintu zyakubamba bamba amabbuku 	16	6602	Female	toi	221212-130445_toi_b9a_elicit_18.wav
aboobo babunyina josefa bakeza bamukotamina cakuvundama ansi nkabela josefa naakabona babunyina wakabaziba 	16	11275	Female	toi	221230-203112_toi_b9a_elicit_17.wav
ndakamvwa kuti bausyi mukaintu wako bakanyema kapati 	16	4514	Female	toi	221228-124509_toi_b9a_elicit_5.wav
wakatalika kacuubauba kamwale utaciinganini nkaambo inga koya kundinina amutwe 	16	9801	Female	toi	221228-175149_toi_b9a_elicit_3.wav
ncaakayaka akutaanguna oko abramu wakakomba muzina lya jehova alakwe loti 	16	10027	Female	toi	220927-202016_toi_97d_elicit_27.wav
ng anda yakwe yakali kule amaanda aabantu bambi ooyu muzeezo wakazyi kumunjila kapati 	16	8076	Female	toi	221228-183113_toi_b9a_elicit_45.wav
ooyu nguwakali mwana alimbabo boonse 	16	3244	Female	toi	220906-213431_toi_707_elicit_33.wav
musimbi u nenede uli a kulingilizya musankwa uli akutijana a nsumba ansi 	16	7963	Female	toi	221210-175557_toi_b9a_elicit_14.wav
kabunga kabantu babungana mun ganda isambalila bukoko 	16	5218	Female	toi	221205-124826_toi_b9a_elicit_15.wav
nkamu mpati yabantu batandide mabbiza aatuba alimwi aasiya siya 	16	5921	Female	toi	221212-121357_toi_b9a_elicit_16.wav
azisyu zyakuzilundu zyacelwa tubelele tulakupa zyakusama ampongo zilaleta muulo wamuunda 	16	12410	Female	toi	221214-095919_toi_b9a_elicit_30.wav
nakalindu uusamide sikipa yacisombo alimwi akatambala kamumutweka nkwihyi kwihyi ulimvwi munsi munsi asyookwe 	16	9415	Female	toi	221212-151620_toi_b9a_elicit_25.wav
mwaalumi uusotooka mabwe kumbele kwameenda 	16	3720	Female	toi	221213-093545_toi_b9a_elicit_14.wav
sikwimba muna asia ulakwimba anze akwita mbunga yabantu 	16	4900	Female	toi	221210-174315_toi_b9a_elicit_0.wav
mukaintu usamide sikipa yamubala wanyanzabili ubamba bbusu lyabbiza 	16	7486	Female	toi	221205-124826_toi_b9a_elicit_6.wav
alimwi amubweze mali aamwi mumaanza aanu mali aakapilusigwa mumilomo yamasaka amwaapilusye mumaanza aanu ambweni bakaaluba 	16	12115	Female	toi	221230-204223_toi_b9a_elicit_21.wav
lino nyika yakabija kumeso aa leza alimwi nyika yakazula luuni lino leza wakabona 	16	9075	Female	toi	220904-182522_toi_0ae_elicit_20.wav
kuleka inkondo mbulemu kumuntu pele bafubafuba boonse balayandisya kukazyanya 	16	8349	Female	toi	221214-082558_toi_b9a_elicit_30.wav
mukaintu muna asia usamide mukkame wa nkwiki nkwiki a jansi lya cikambwe ulakulangisisya pearl liboneka cikambwe a sikkaka 	16	9937	Female	toi	221210-143625_toi_b9a_elicit_1.wav
mubwa uusiya siya amubwa utuba baliimvwi mubwizu bwizu 	16	5944	Female	toi	221205-160542_toi_b9a_elicit_5.wav
musankwa zisani zisalala a cikambwe ulakubweza cakulya kubelesya cipatula 	16	5830	Female	toi	221210-144827_toi_b9a_elicit_8.wav
wakavaangulula mpotomona nakanana wakalijisi mumaanza imbuli kuti ijisi may nkoyakali kubambililwa 	16	16720	Female	toi	221228-184203_toi_b9a_elicit_11.wav
basanka bobilo ba ku milika pele bakazwa mu afrika babala tubbuku twa twaano 	16	8984	Female	toi	221207-171156_toi_b9a_elicit_1.wav
mwana musankwa uusamide sikipa iijisi cizikiziki cilembedwe cuula camubala uusubila wasandamuna peeji lya bbuku jajisi 	16	12024	Female	toi	221212-131327_toi_b9a_elicit_48.wav
bakatalika kumuuma akumusyamba zimoni kuti aambe musankwa wakamutyola 	16	9823	Female	toi	221228-131959_toi_b9a_elicit_30.wav
bantu banji alimvwi anze aabbuwa lyandeke azibbudu zyabo 	16	5240	Female	toi	221212-131327_toi_b9a_elicit_19.wav
lino mali oonse naakamaninina munyika ya egepita amunyika ya kanana ba egepita 	16	6148	Female	toi	221230-151632_toi_b9a_elicit_10.wav
taku ncaakali kukonzya kucita nokuba kuti wakali fwide muluyando kuli haamwaandwe 	16	6874	Female	toi	221228-162240_toi_b9a_elicit_7.wav
aakuti musimbi wako oyu kuli musankwangwaakaleka ngubakamusalide bausyi 	16	9143	Female	toi	221228-124509_toi_b9a_elicit_7.wav
mulombwana ulendenda acilululi mbuli mbokauluka kasobanyo kauluka mumakumbi kulaale 	16	10958	Female	toi	221212-125952_toi_b9a_elicit_25.wav
mpoonya awo bakabopa imbongolo zyabo amaila bainka pele kucile umwi wabo wakajula inkomo yakwe 	16	10867	Female	toi	221230-203112_toi_b9a_elicit_41.wav
ya menya akumutuula mbuli cipaizyo atala lyacimwi cazilundu ncenjookutondezya 	16	10390	Female	toi	220929-204510_toi_97d_elicit_47.wav
nkabela wakabuzya kuti wence undaambile na uli mwana wani 	16	7214	Female	toi	221228-202245_toi_b9a_elicit_44.wav
mwalumi usamide cisani ci siya ama gogo kankuni munsi a chibumbwa ca dada lisiya 	16	8326	Female	toi	221207-211353_toi_b9a_elicit_12.wav
kundibelekela buyo cakutavola kondaambila mbunjeelede kukuvozya 	16	6942	Female	toi	221229-142606_toi_b9a_elicit_23.wav
citondezyo ca mugwagwa alimwi abaalumi bobilo kulaale omwe uusamide zisani zyacikaintu alimwi umwi utasamide sikipa 	16	10141	Female	toi	221213-111359_toi_b9a_elicit_5.wav
mwaalumi uusamide sikipa yamubala wacikambwe uyabufwugaama kujeleele yamabwe mabwe 	16	9801	Female	toi	221205-163057_toi_b9a_elicit_21.wav
mwalaumi usamide mazavwiza a siya alimwi a chibaki chisalala ulinvwi kumbele a kilasi a bodi lituba kusyule kwakwe 	16	12705	Female	toi	221207-174147_toi_b9a_elicit_16.wav
bantu bobilo basamide malukwe mafwaafwi batanta mulundu wa caanda kakuli amulonga mubusena 	16	7759	Female	toi	221213-111359_toi_b9a_elicit_11.wav
mwaalumi amukaintu basasamide basyaamankwamubakumbatana kupobwe yaanze 	16	7940	Female	toi	221212-151620_toi_b9a_elicit_2.wav
imulombe mushonto usamide sikipa iituba alimwi atwakunsi tusiya ulazyana abusena bukkwelella myootokala 	16	10821	Female	toi	221207-165029_toi_b9a_elicit_45.wav
musimbi usamide delesi lya nkwiki nkwiki ulakuchoja nchinga munsi a mupanda utuba 	16	8462	Female	toi	221210-161339_toi_b9a_elicit_21.wav
bakaintu bobilo baku cisi caku asia balabeleka acifulemu cakusumya maanza 	16	6760	Female	toi	221213-112914_toi_b9a_elicit_18.wav
nkaambonzi tokwe kundaambila kuti ngumukaintu wangu nkaambonzi nowakaamba 	16	8961	Female	toi	220927-202016_toi_97d_elicit_18.wav
nkaambo kufumbwa muntu ngwayanda jehova ulamweempya alimwi ulanunsaula mwana umwi aumwi ngwatambula 	16	13725	Female	toi	221213-114114_toi_b9a_elicit_27.wav
ndiza wakamvwiila magozwe kumwi keenda akweenda akuzwa wazwa ngooyo waunka 	16	7554	Female	toi	221228-191455_toi_b9a_elicit_25.wav
inga kalekale oyo musankwa talilyi nkaambo bakali kusyoma kuti inga banikumusina basaanyina 	16	11298	Female	toi	220903-202609_toi_707_elicit_13.wav
imwana mulombe mushonto usamide nsuuti alutambo uyaamide alubulo kayanda koona kakuli uli mulweendo 	16	10186	Female	toi	221207-165029_toi_b9a_elicit_6.wav
mubwa ulazuza mubwizu kumwi kalumide kasamu kumulomo 	16	5082	Female	toi	221205-145546_toi_b9a_elicit_3.wav
aa ino aawa incinzi camukatazya andime ndemuntu ndimuyumu ntaa 	16	9052	Female	toi	221228-094635_toi_b9a_elicit_29.wav
mukuwa wakati ncibotu kamuya pesi mukaboole mbubwena mbomwaa mba munsondo 	16	7191	Female	toi	221203-160114_toi_ee8_elicit_27.wav
kainvwi mu ncikini ipentedwe kusubila 	16	4673	Female	toi	221210-143625_toi_b9a_elicit_15.wav
kabatakwe insoni adamu a eva mbubakabisya 	16	5218	Female	toi	221228-193637_toi_b9a_elicit_35.wav
kwaalomba kale bambi pesi wakajana masyoonto biyo 	16	4197	Female	toi	221204-154324_toi_ee8_elicit_4.wav
mubwa usiya utegwa greyhound usamikidwe jezi lya nyanzabili a lituba lilembedwe namba seven uli akuzuza mu kazila 	16	11820	Female	toi	221210-183518_toi_b9a_elicit_21.wav
ino nkokutyani oko sulwe wakabuzya suntwe 	16	3380	Female	toi	220906-213431_toi_707_elicit_1.wav
twakwatana akwaamba twaambo tubi tuteelede kuti inga muzyali waamba kumwanaakwe 	16	8008	Female	toi	221228-182130_toi_b9a_elicit_39.wav
imubwa ulikede kumbali amulndu mwana usamide sikipa ituba ulakalaba ansi kumbali atebule 	16	9687	Female	toi	221207-150000_toi_b9a_elicit_17.wav
bana bobilo baimikila a tefule kabalanga ca kulya ca bikwa 	16	4696	Female	toi	221210-172122_toi_b9a_elicit_49.wav
mwana musyoonto utanta zisobanyo zyamumusena wakusobanina kakuli bamwi batambika maanza kutegwa basike kulibguwe 	16	11502	Female	toi	221212-093156_toi_b9a_elicit_14.wav
bantu botatwe balimvwi alukwakwa mucisi cizwide zimwi zintu zya lubulo kakuli omwe uleebelela muzimagilazi zyakubonesya zintu kulaale 	16	12999	Female	toi	221212-125952_toi_b9a_elicit_7.wav
mukaintu uusiya uusamide delesi yabasikusobana bbola yamaaanza iituba 	16	7940	Female	toi	221213-104257_toi_b9a_elicit_21.wav
lino naakamana makani aya abrahamu wakazika sara mukaakwe omo musempo lyamumuunda waku makipela kunembo lya mamre ngonguwo hebroni munyika ya kanana 	16	13589	Female	toi	221228-202245_toi_b9a_elicit_3.wav
muchifwanikisyo eci musimbi nakalindu uchva nchinga yakwe mulukuba chindi chakumazuba 	16	8643	Female	toi	221207-182835_toi_b9a_elicit_28.wav
ino kubota kulya kayobe nkuuluma munwe 	16	4696	Female	toi	220903-202609_toi_707_elicit_18.wav
ngwani uuli ameso aasalala pyu mbembabo bakala ciindi cilamfu kukunywa 	16	9052	Female	toi	221214-090248_toi_b9a_elicit_29.wav
mwana usamide cisani ca cikambwe ulikkede ansi musyokwe kalakulanga mu cifotozyo cibona kule 	16	8553	Female	toi	221207-213049_toi_b9a_elicit_5.wav
mukaintu uujisi ambulela ulikkede acitisyini kakuli citondezyo camakwebo azyipekupeku kubwaanda 	16	13045	Female	toi	221205-145546_toi_b9a_elicit_20.wav
bana basimbi botatwe balaa masusu mabotu balasobana kunkomwe mpoona bobilo basamide zyacikambwe omwe usamide cisubila subila 	16	9415	Female	toi	221205-164321_toi_b9a_elicit_1.wav
wabonwa caalama caalama wakaintamuna mutwe kabotu kabotu 	16	8190	Female	toi	221228-162240_toi_b9a_elicit_3.wav
munkala uutuba ulakutijana mukazila kalatombe kajisimbwizu alimwi a zisamu 	16	8643	Female	toi	221207-172046_toi_b9a_elicit_8.wav
pele makanze aa jehova ngaayooima nji luzyalo nceciyandwa mumuntu 	16	6965	Female	toi	221214-082558_toi_b9a_elicit_20.wav
kuli kwaana kwamisyobo yobile kulabika akwaana kwini kulabika nkubuzyanya zintu zimwi zikatazya kuti kubonwe muntu uujisi busongo 	16	13544	Female	toi	220903-234119_toi_707_elicit_7.wav
basikulyana batondenzya balakusona kulyana ku mbunga ilakulangilizya chakumaninina 	16	9596	Female	toi	221207-182835_toi_b9a_elicit_37.wav
nkabela zintu zyoonse nzyaakajisi abrahamu wakazipa izaka 	16	4832	Female	toi	221230-115905_toi_b9a_elicit_17.wav
musankwa uusamide sikipa iisiya utanta mukati mwa cipeelo camu ncini 	16	5694	Female	toi	221212-115841_toi_b9a_elicit_11.wav
bankala bobile batija kuzya mukazila katali a nyanzabili akusiya munkala omwe kusyule 	16	9324	Female	toi	221207-171156_toi_b9a_elicit_25.wav
tucimana biyo kulya jumbabula wakaseka akuti 	16	5082	Female	toi	221204-123335_toi_ee8_elicit_50.wav
mulombwana usamide ka bbandani ku mutwe ulinvwi kayeme a bwanda a maluba luba kusyule lyakwe 	16	8349	Female	toi	221207-142348_toi_b9a_elicit_12.wav
mwalumi omwe wakala kumbali anzila kanwa bukande alimwi akatundu wazintu zyakwe kumbali lyakwe 	16	9891	Female	toi	221207-181110_toi_b9a_elicit_9.wav
langa kujulu ubale tunyenyeezi na ulakonzya kutubala nkabela wakamwaambila kuti 	16	8938	Female	toi	220927-204620_toi_97d_elicit_47.wav
elyo josefa wakabaambila kuti amundipe ing ombe zyanu ndamuuzizya zilyo ang ombe zyanu na tacikwe mali 	16	8575	Female	toi	221230-151632_toi_b9a_elicit_12.wav
vukungula wakali kwaambila mwanaakwe vsemvwide ncomwaamba taata wakavwiila mwana 	16	6307	Female	toi	221214-102741_toi_b9a_elicit_14.wav
mubwa wacisikili ulasotoka mujulu kusotoka kanzila ka samende 	16	5127	Female	toi	221212-091650_toi_b9a_elicit_5.wav
mukaintu uusamide nkausu yamubala wacikambwe ulikkede atabule lijisi kalembo kabotu mpoona wakamba maanza antoomwe 	16	11752	Female	toi	221205-204405_toi_b9a_elicit_12.wav
wakavwiila haatimba kumeso aabazyali aba bone nkaambo nzi ncowambila boobo wakabuzya sicipuna 	16	8621	Female	toi	221228-182130_toi_b9a_elicit_33.wav
mwaalumi uusamide cisani cisubila sibila alimwi kajisi acibbeke agwesyo yakwe utonka ncinga mumugwagwa 	16	7645	Female	toi	221213-112404_toi_b9a_elicit_1.wav
mwana musankwa uusamide cisani cacikambwe wasotooka mujulu katandabikide maanza aakwe 	16	7600	Female	toi	221213-103711_toi_b9a_elicit_10.wav
tee kayi ulaazyi kabotu kabotu makani kuti wakabeja 	16	6329	Female	toi	221228-162240_toi_b9a_elicit_18.wav
wacibona ncotuti suntwe mowa nguwongola milimo wakayoowa mukuwa wakwe 	16	6760	Female	toi	221203-172224_toi_ee8_elicit_4.wav
tee mbabaya asunu balapona taku mbwaakaba mukaintu 	16	4900	Female	toi	221228-124509_toi_b9a_elicit_43.wav
mukaintu wiimvwi acintu cibezedwe camagunyuunyu cijisi mpulo mpaabikka mutwe wakwe 	16	8303	Female	toi	221230-121748_toi_b9a_elicit_40.wav
mwana musimbi usamide cipoompo mpoona utantide bbiza lisiya siya 	16	5808	Female	toi	221205-160542_toi_b9a_elicit_25.wav
mbuboobu mboelede kubucita bulamfu bwabwaato buleelede kuba tukokola tuli myanda 	16	9823	Female	toi	220904-182522_toi_0ae_elicit_25.wav
elyo wakatuma babunyina bainka nkabela wakabaambila kuti mutakalazyanyi munzila 	16	8870	Female	toi	221230-160247_toi_b9a_elicit_16.wav
sulwe wakati mulongweesu wafwa aino neambaula boobu muzingini ulifwide kuli bamu kosola mutwe 	16	9369	Female	toi	220906-213431_toi_707_elicit_24.wav
mwalumi ujisi twakunywa tutontala kabotu waima kulimbila kuti afotolwe elyo kwalibonya chibanza 	16	9755	Female	toi	221207-181110_toi_b9a_elicit_12.wav
awalo wakamulanga wakamujata amweebo akwaanza kwakulumwensyi 	16	5966	Female	toi	221228-181007_toi_b9a_elicit_15.wav
mwaalumi ooyu uusamide sikipa yacikambwe ujisi zyakumatwi munsingo ulikkede munsi munsi amwalumi ubeleka akkompyuta 	16	9528	Female	toi	221213-112914_toi_b9a_elicit_9.wav
mukaintu uusamide cisani camubala wacikambwe waasamuka alimwi amukaintu usamide mubala uutuba uyaama kubweza cakunywa 	16	9165	Female	toi	221212-120347_toi_b9a_elicit_9.wav
kufumbwa uulisumpula ulasesemya jehova ncobeni takooyookonzya kucija lweempyo 	16	8961	Female	toi	221214-080256_toi_b9a_elicit_19.wav
nkamu yabantu bali ku nkosaadi balanga waalumi uusaide sikipa iituba 	16	8643	Female	toi	221213-100518_toi_b9a_elicit_23.wav
umwi muntu ulaamba kuti ndi muvubi anu kuti taakwe ncajisi 	16	7169	Female	toi	221213-151941_toi_b9a_elicit_30.wav
muntu uli mumoota usubila kakulibonya abbilicci kunze 	16	5762	Female	toi	221205-203343_toi_b9a_elicit_10.wav
ndime esau mwanaako mutaanzi ndacita mbubonya mbowandaambila 	16	4991	Female	toi	221230-113547_toi_b9a_elicit_26.wav
mwaalumi usamide cibaki cisiya abuluke bwamulotwe uliimwi kumbali amugwagwa kajisi mulembo usimbidwe cintu cimwi kumaanza 	16	10164	Female	toi	221230-121748_toi_b9a_elicit_11.wav
mukaintu usamide sikipa ituba ndamfwu uleenda muzyiba meenda mwaasikide mumagondo 	16	6261	Female	toi	221230-120719_toi_b9a_elicit_14.wav
imbono zyoonse ziyandika zibotezya muntu musongo mubotu kwiinda sintaze 	16	6171	Female	toi	221214-090248_toi_b9a_elicit_38.wav
kabwa ka siya siya a kutuba kalala a cilembo ci salala a kadonkwi ka zuba 	16	7963	Female	toi	221210-153407_toi_b9a_elicit_24.wav
kana kasyonto kalafwafwi a kuuma bbola kalakwandwa a bana bambi bobilo 	16	7940	Female	toi	221207-142348_toi_b9a_elicit_8.wav
kabunga kabantu bayaka basamide masikipa amubala wafwuleenke akulikwabilizya balikkede ansi kubamba njani 	16	9937	Female	toi	221230-123721_toi_b9a_elicit_13.wav
mwanaangu na basizibi bakoongelezya utazumini na baamba kuti katuya ayebo tulindile bulowa 	16	10027	Female	toi	221213-113324_toi_b9a_elicit_9.wav
iwakali kweenda a abramu kajisi imbelele ang ombe amatente nkabela nyika yakaceya 	16	11298	Female	toi	220927-202016_toi_97d_elicit_28.wav
mumbali amugwagwa oyu kuli myoota yacikambwe yotatwe amyoota ituba munsi munsi 	16	6851	Female	toi	221205-155204_toi_b9a_elicit_13.wav
haatimba uyakide katungu musilisi haatimba wakajanika mucibuye acuuno kasomba 	16	8417	Female	toi	221228-190233_toi_b9a_elicit_40.wav
mukaintu amwaalumi balaanze 	16	3198	Female	toi	221205-160542_toi_b9a_elicit_1.wav
cikolo cijisi cintu cicitika cakutondezya zilengwa zya baku cisi caku america mbuli mbobabambana muzintu zijatikizya mapobwe 	16	11570	Female	toi	221213-083947_toi_b9a_elicit_22.wav
sikufwala ufwala sikwaze kuzwa kucismu ku pobwe kakuli bantu balebela 	16	7940	Female	toi	221213-100518_toi_b9a_elicit_13.wav
oyu mwezi wa vumbi pati imvula niijatisya kapati kuwa alimwi ijulu inga lyavumbwa cibyaabi amakumbi 	16	13022	Female	toi	220904-001239_toi_707_elicit_28.wav
kuti izina lyangu azina lyamatata abrahamu a izaka likalilile mulimbabo 	16	6715	Female	toi	221230-145947_toi_b9a_elicit_6.wav
aawa ndamvwa kuti musilisi nguhaatwaakwe aboobo utakamunyonganyi 	16	9596	Female	toi	221228-155549_toi_b9a_elicit_4.wav
pesi cimwi cindi beenzuma tatukonzi kubaboma pe mpaawo 	16	6284	Female	toi	220912-161719_toi_707_elicit_33.wav
musankwa usamide cibbudula a cisani ulakutandanya tuyuni tobilo kakauli kuti mwalumi usamide cisani a cibbudula ulakucilila musule 	16	10799	Female	toi	221210-160825_toi_b9a_elicit_20.wav
basibukwetene bobilo bamyoontana kakuli nkamu yabantu mubusena abuzuba noibala zuba 	16	7554	Female	toi	221212-131327_toi_b9a_elicit_44.wav
aboobo kukwatana kwanu swebo twaamba kuti taku uukubwene 	16	5467	Female	toi	221228-182130_toi_b9a_elicit_48.wav
kasimbi kasamide sikipa isubila subila a kasimbi kasamide sikipe lya mubala wafwuleenke bakkede mu bwizu 	16	7554	Female	toi	221230-135341_toi_b9a_elicit_0.wav
bufubafuba ndusekelelo lwayooyo uubula boongo pele muntu uucenjede uleenda cakululama 	16	8485	Female	toi	221214-080256_toi_b9a_elicit_2.wav
babwa banji bala tijana mukazila kalama tombe bobilo basalala salala bali kumbele kusololela 	16	9483	Female	toi	221210-151712_toi_b9a_elicit_7.wav
musimbi uula milambi lambi ujisi cinsimbi chipati agwezyo mu giimu 	16	5694	Female	toi	221212-131327_toi_b9a_elicit_2.wav
nkabela wakajata ijanza lyawisi kuti aligwisye amutwe wa efraimu akulitola amutwe wa manase josefa wakaambila wisi kuti 	16	9324	Female	toi	221230-145947_toi_b9a_elicit_8.wav
imupulisi utandide bbiza waimikila kumbele kwa bwaanda bwa n ganda busubila 	16	6738	Female	toi	221212-120347_toi_b9a_elicit_2.wav
nkabela yakaambila mwanakazi kuti sa ncobeni leza wakaamba kuti tamweelede kulya 	16	6420	Female	toi	221228-193637_toi_b9a_elicit_37.wav
mwana usamide sikipa lituba tuba ujisi nswiiti ilweela mukapepa 	16	6420	Female	toi	221207-165029_toi_b9a_elicit_16.wav
sena mpampawaano wakabuzya haamwaandwe eli nde opesi lyakwe 	16	5966	Female	toi	221228-150641_toi_b9a_elicit_48.wav
cilabotezya moyo kujana ncuusukeme pele kuleka bubi kulasesemya bafubatuba 	16	9211	Female	toi	221213-153046_toi_b9a_elicit_43.wav
nkabela abimeleki wakaambila izaka kuti atupambu kane ayebo nkaambo uli singuzu loko kwiinda ndiswe 	16	10708	Female	toi	221230-114451_toi_b9a_elicit_25.wav
imwaalumi ulaa masusu mabotu uusamide magilazi asikipa ukkede munsi munsi amwaalumi umbi usamide magilazi ama headphones kali mucitima 	16	10481	Female	toi	221230-131936_toi_b9a_elicit_24.wav
naakabusya tusensa twamaanzi malamfu naakabikila lwizi migaano yalo kuti maanzi atasotoki mulao wakwe 	16	12160	Female	toi	221213-132311_toi_b9a_elicit_17.wav
imbono zitamani abululami micelo yangu mibotu kwiinda ingolida ingolida iisalala ncendenga ncibotu kwiinda insiliva loko 	16	12364	Female	toi	221213-132311_toi_b9a_elicit_10.wav
nibwakaca baangelo bakasungilizya loti kuti buka tola mukaako abana basimbi bako 	16	9279	Female	toi	220929-200958_toi_97d_elicit_23.wav
nkabela lusampuko lwakwe talukonzyi kuziminganizigwa nkaambo ibbivwe lilabusya bukali bwamuntu 	16	13068	Female	toi	221213-121824_toi_b9a_elicit_28.wav
nkaambo kuti mukapapalisye kunjila masiku babwa aba kabaliko mubwina bwalukonkola 	16	9120	Female	toi	221228-155549_toi_b9a_elicit_16.wav
kuti musankwa amusimbi bazyalwa bategwa mbana 	16	4061	Female	toi	221204-154324_toi_ee8_elicit_33.wav
mumwezi wa miyoba bapati bajisi myuunda balalingula kumazuba kuti babone namyuunda yabo ilikabota 	16	11457	Female	toi	220903-202609_toi_707_elicit_8.wav
lyakwe lino abrahamu a sara boonse bakalicembeede loko loko alimwi sara kalekede 	16	11321	Female	toi	220927-213329_toi_97d_elicit_12.wav
kuti kakuli boobo mwanaa mulamwaangu aye buyo kunkuta 	16	4424	Female	toi	221205-195949_toi_ee8_elicit_7.wav
ndasyoma inga waunka okuya ukabweze cakulya magozwe wakamulamga mudaalo ooyu wailanga ng anda 	16	8712	Female	toi	221228-191455_toi_b9a_elicit_24.wav
mung anda yamuntu uululeme muli imbono zinji pele impindu yabasizibi ilaleta mafwabi buyo 	16	9188	Female	toi	221213-153842_toi_b9a_elicit_37.wav
mwaalumi uusamide buluke bwajini ampato ulikkede anze munsi azyisamu mpoona usobanya cibelesyo cakwiimba cijisi tutambo 	16	9801	Female	toi	221207-150000_toi_b9a_elicit_7.wav
bantu bobilo bali amancinga aakuccovwa mumalongo balasotooka aatulwi twabulongo kakuli bantu mubusena 	16	10708	Female	toi	221213-083400_toi_b9a_elicit_16.wav
nkaambo wakati jehova ulibwene mapenzi aangu ncobeni mulumaangu ulandiyanda lino 	16	7441	Female	toi	221229-142606_toi_b9a_elicit_47.wav
imbono zyamuntu muvubi ngumunzi wakwe muyumu zili mbuli bulambo bulamfu bwakumuvuna 	16	8349	Female	toi	221214-081355_toi_b9a_elicit_36.wav
mulombwana usobana a skate board anze munzila kasamide cisani cili a myengo isiya alimwi a ituba 	16	8144	Female	toi	221210-172122_toi_b9a_elicit_45.wav
mpawo labani wakavuwa kuti na ndamupa nduwe ncibotu kwiinda kumupa muntu umbi mbubo kala ambebo 	16	9869	Female	toi	221229-142606_toi_b9a_elicit_27.wav
mwalumi uli a kusobana kusotoka mujulu a nchinga kumbele a mulundu uzwide ma samu a makunka 	16	7849	Female	toi	221210-182954_toi_b9a_elicit_4.wav
mwalumi usamide chisani ca sikkaka ulaku sindaili zilindi zyakasigwa nibakali kuyaka mupanda wakwe 	16	10368	Female	toi	221207-182835_toi_b9a_elicit_21.wav
uulekene amwaalumi wabucece bwakwe uulubide cizuminano ca leza wakwe 	16	6987	Female	toi	221213-114114_toi_b9a_elicit_10.wav
buvubi bulaletela muntu bazwalani banji pele mutengwana ulasyaala alike buyo 	16	7305	Female	toi	221214-082558_toi_b9a_elicit_3.wav
ibana botatwe basamide majansi amalukwe balakusoba akasamu kakulyumba abwizu kumbele a virginia v ship 	16	12977	Female	toi	221207-175250_toi_b9a_elicit_16.wav
tokooyootucitila bubi mbubonya mbuli iswe mbututana kukubisizya nkaambo twakucitila 	16	7986	Female	toi	221230-114451_toi_b9a_elicit_44.wav
abaya basankwa bakatangala kapati kumywa boobo nkaambo bakali basibukoko kapati 	16	6828	Female	toi	221203-160114_toi_ee8_elicit_31.wav
muzeezo wangu ngwakuula talakita acigayo njanda kuti nkalipenzye kapati 	16	6897	Female	toi	220912-144621_toi_707_elicit_11.wav
mwana musimbi usamide cisani ca nkwiki nkwiki ulinvwi nsimbi kalanga tefule lya ma newspaper 	16	6647	Female	toi	221210-183518_toi_b9a_elicit_1.wav
swe twakati ncinkomba amundyoli 	16	3902	Female	toi	221204-123335_toi_ee8_elicit_46.wav
mwaalumi uimvwi munsi munsi a musena wakuyobolela myoota ugela busyu bwakwe kakuli mubwa wakwe walanga ansi munsi munsi amaulu aakwe 	16	12342	Female	toi	221212-122525_toi_b9a_elicit_12.wav
bamaalumi botatwe balimvwi mukati mwacintoolo kakuli mumuni wanyanzabili wabamwekela kuzwida anze 	16	9233	Female	toi	221212-092637_toi_b9a_elicit_9.wav
mukaintu omwe uusamide delesi iisiya alimwi umbi uusamide sikipa yacisikili alimwi akalukwe kafwaafwi ka nyanzabili baleenda mumugwagwa muli bantu banjaanji 	16	12001	Female	toi	221213-091726_toi_b9a_elicit_13.wav
